<?xml version="1.0" encoding="UTF-8"?>
<GenRun Id="synth_1" LaunchPart="xc7z020clg484-1" LaunchTime="1554457274">
  <File Type="VDS-TIMING-PB" Name="lab2_simple_arm_wrapper_timing_summary_synth.pb"/>
  <File Type="VDS-TIMINGSUMMARY" Name="lab2_simple_arm_wrapper_timing_summary_synth.rpt"/>
  <File Type="RDS-DCP" Name="lab2_simple_arm_wrapper.dcp"/>
  <File Type="RDS-UTIL-PB" Name="lab2_simple_arm_wrapper_utilization_synth.pb"/>
  <File Type="RDS-UTIL" Name="lab2_simple_arm_wrapper_utilization_synth.rpt"/>
  <File Type="RDS-PROPCONSTRS" Name="lab2_simple_arm_wrapper_drc_synth.rpt"/>
  <File Type="RDS-RDS" Name="lab2_simple_arm_wrapper.vds"/>
  <File Type="PA-TCL" Name="lab2_simple_arm_wrapper.tcl"/>
  <FileSet Name="sources" Type="DesignSrcs" RelSrcDir="$PSRCDIR/sources_1">
    <Filter Type="Srcs"/>
    <File Path="$PSRCDIR/sources_1/bd/lab2_simple_arm/lab2_simple_arm.bd">
      <FileInfo>
        <Attr Name="UsedIn" Val="synthesis"/>
        <Attr Name="UsedIn" Val="implementation"/>
        <Attr Name="UsedIn" Val="simulation"/>
      </FileInfo>
    </File>
    <File Path="$PSRCDIR/sources_1/bd/lab2_simple_arm/hdl/lab2_simple_arm_wrapper.v">
      <FileInfo>
        <Attr Name="UsedIn" Val="synthesis"/>
        <Attr Name="UsedIn" Val="implementation"/>
        <Attr Name="UsedIn" Val="simulation"/>
      </FileInfo>
    </File>
    <Config>
      <Option Name="DesignMode" Val="RTL"/>
      <Option Name="TopModule" Val="lab2_simple_arm_wrapper"/>
      <Option Name="TopAutoSet" Val="TRUE"/>
    </Config>
  </FileSet>
  <FileSet Name="constrs_in" Type="Constrs" RelSrcDir="$PSRCDIR/constrs_1">
    <Filter Type="Constrs"/>
    <Config>
      <Option Name="ConstrsType" Val="XDC"/>
    </Config>
  </FileSet>
  <Strategy Version="1" Minor="2">
    <StratHandle Name="Vivado Synthesis Defaults" Flow="Vivado Synthesis 2017">
      <Desc>Vivado Synthesis Defaults</Desc>
    </StratHandle>
    <Step Id="synth_design"/>
  </Strategy>
  <BlockFileSet Type="BlockSrcs" Name="lab2_simple_arm_axi_gpio_0_3"/>
  <BlockFileSet Type="BlockSrcs" Name="lab2_simple_arm_rst_ps7_0_100M_0"/>
  <BlockFileSet Type="BlockSrcs" Name="lab2_simple_arm_xbar_0"/>
  <BlockFileSet Type="BlockSrcs" Name="lab2_simple_arm_axi_gpio_0_2"/>
  <BlockFileSet Type="BlockSrcs" Name="lab2_simple_arm_processing_system7_0_1"/>
</GenRun>
