<?xml version="1.0"?>
<Runs Version="1" Minor="0">
	<Run Id="lab2_simple_arm_processing_system7_0_1_synth_1" LaunchDir="/home/inf2015/cpatsianotakis/CE435/Lab2/lab2_simple_arm/lab2_simple_arm.runs/lab2_simple_arm_processing_system7_0_1_synth_1" FlowId="Vivado_Synthesis" FromStepId="vivado" ToStepId="vivado"/>
	<Run Id="lab2_simple_arm_xbar_0_synth_1" LaunchDir="/home/inf2015/cpatsianotakis/CE435/Lab2/lab2_simple_arm/lab2_simple_arm.runs/lab2_simple_arm_xbar_0_synth_1" FlowId="Vivado_Synthesis" FromStepId="vivado" ToStepId="vivado"/>
	<Run Id="lab2_simple_arm_axi_gpio_0_1_synth_1" LaunchDir="/home/inf2015/cpatsianotakis/CE435/Lab2/lab2_simple_arm/lab2_simple_arm.runs/lab2_simple_arm_axi_gpio_0_1_synth_1" FlowId="Vivado_Synthesis" FromStepId="vivado" ToStepId="vivado"/>
	<Run Id="lab2_simple_arm_auto_pc_0_synth_1" LaunchDir="/home/inf2015/cpatsianotakis/CE435/Lab2/lab2_simple_arm/lab2_simple_arm.runs/lab2_simple_arm_auto_pc_0_synth_1" FlowId="Vivado_Synthesis" FromStepId="vivado" ToStepId="vivado"/>
	<Run Id="lab2_simple_arm_rst_ps7_0_100M_0_synth_1" LaunchDir="/home/inf2015/cpatsianotakis/CE435/Lab2/lab2_simple_arm/lab2_simple_arm.runs/lab2_simple_arm_rst_ps7_0_100M_0_synth_1" FlowId="Vivado_Synthesis" FromStepId="vivado" ToStepId="vivado"/>
	<Run Id="lab2_simple_arm_axi_gpio_0_2_synth_1" LaunchDir="/home/inf2015/cpatsianotakis/CE435/Lab2/lab2_simple_arm/lab2_simple_arm.runs/lab2_simple_arm_axi_gpio_0_2_synth_1" FlowId="Vivado_Synthesis" FromStepId="vivado" ToStepId="vivado"/>
	<Run Id="synth_1" LaunchDir="/home/inf2015/cpatsianotakis/CE435/Lab2/lab2_simple_arm/lab2_simple_arm.runs/synth_1" FlowId="Vivado_Synthesis" FromStepId="vivado" ToStepId="vivado">
		<Parent Id="lab2_simple_arm_processing_system7_0_1_synth_1"/>
		<Parent Id="lab2_simple_arm_xbar_0_synth_1"/>
		<Parent Id="lab2_simple_arm_axi_gpio_0_1_synth_1"/>
		<Parent Id="lab2_simple_arm_auto_pc_0_synth_1"/>
		<Parent Id="lab2_simple_arm_rst_ps7_0_100M_0_synth_1"/>
		<Parent Id="lab2_simple_arm_axi_gpio_0_2_synth_1"/>
	</Run>
</Runs>

